{
  "client_id": 1,
  "epochs": 25,
  "device": "cuda",
  "best_epoch_by_macro_f1": 15,
  "best_test_metrics_by_macro_f1": {
    "epoch": 15,
    "accuracy": 0.9721871049304678,
    "balanced_accuracy": 0.5981296331901984,
    "macro_f1": 0.6412613969623315,
    "loss": 0.12304736434584472
  },
  "final_train_metrics": {
    "epoch": 25,
    "accuracy": 0.9709136895352514,
    "balanced_accuracy": 0.5100996021835683,
    "macro_f1": 0.5400137905767679,
    "loss": 0.0854439650389295
  },
  "final_test_metrics": {
    "epoch": 25,
    "accuracy": 0.9608091024020228,
    "balanced_accuracy": 0.5129398192655259,
    "macro_f1": 0.5004071856287424,
    "loss": 0.21203828102870173
  },
  "checkpoint": "/mnt/c/Users/Nima/Desktop/MINE/My_projects/Research&Innovation_Project/cross-silo-fl-medical-image-classification/results/local_baseline/client_1/checkpoints/best_model_by_macro_f1.pt"
}